ClientID,Name,Occupation,Img
131,Liam Miller,Programmer,https://i.ibb.co/R77SvF3/NL01-Jerome-Chandler.png
198,Noah Moore,Artist,https://i.ibb.co/QnXsYB7/NL02-Michelle-Black.png
123,John Doe,Engineer,https://i.ibb.co/M6Kt8rk/NL03-Paul-Louis.png
168,Olivia Taylor,Doctor,https://i.ibb.co/0cPdW5J/NL04-Sara-Martinez.png
132,Jane Smith,Programmer,https://i.ibb.co/ckV7tQG/NL05-Julie-Fleming.png
190,David Williams,Lawyer,https://i.ibb.co/MVKtQnC/NL06-Marlon-Hardy.png
191,Michael Johnson,Programmer,https://i.ibb.co/HgHvKzg/NL07-May-Brown.png
147,Emily Davis,Lawyer,https://i.ibb.co/xFLP5x6/NL08-Lynne-Waters.png
165,Sophia Wilson,Teacher,https://i.ibb.co/hcb75FS/NL09-Brendan-Todd.png
139,Emma Brown,Artist,https://i.ibb.co/Zm4c7JX/NL10-Shannon-Chambers.png
104,Sophia Will,Teacher,https://i.ibb.co/JmscjqX/NL11-Marcia-Martin.png
113,Michael Dugah,Engineer,https://i.ibb.co/zmrvv3f/NL13-Michael-Bell.png
,,,
